Name,Website,Industry,Country,Funding Amount (USD),Funding Type,Last Funding Date,Is_Undisclosed,Month,Month_Num,Primary Industry,Industry_Count,Stage_Group
EarthSync,earthsync.io,"Energy, Analytics, Artificial Intelligence, B2B Software, Environment",India,1000000.0,Pre-Seed,2026-02-01,False,Feb-2026,2,Energy,5,Early Stage
4baseCare,4basecare.com,"Healthcare, Artificial Intelligence, B2B Software, Biotechnology, Data",India,9803025.0,Series B,2026-02-01,False,Feb-2026,2,Healthcare,5,Growth Stage
Cava Athleisure,cavaathleisure.com,"Fashion, Wellness, Consumer Goods, E-commerce, Fitness, Retail",India,4353085.0,Series A,2026-02-01,False,Feb-2026,2,Fashion,6,Growth Stage
JuniorGo,juniorgo.in,"Education, Finance, Personal Development",India,0.0,Pre-Seed,2026-02-01,True,Feb-2026,2,Education,3,Early Stage
Entellus Industries,entellusind.com,"Materials, Automotive, Electronics, EV, Manufacturing",India,5446125.0,Seed,2026-02-01,False,Feb-2026,2,Materials,5,Early Stage
EZBillPay,EZBillPay.in,"FinTech, Finance, B2B Software",India,0.0,Pre-Seed,2026-02-01,True,Feb-2026,2,FinTech,3,Early Stage
1Buy.AI,1buy.ai,"B2B Software, Artificial Intelligence, Data, Hardware",India,3534664.0,Seed,2026-02-01,False,Feb-2026,2,B2B Software,4,Early Stage
MyRental,myrental.co.in,"Property Management, Home Services, Real Estate",India,0.0,Pre-Seed,2026-02-01,True,Feb-2026,2,Property Management,3,Early Stage
D-propulse Aerospace,d-propulse.com,"Aerospace, Government, Hardware, Manufacturing, Mechanical Engineering",India,2728575.0,Seed,2026-02-01,False,Feb-2026,2,Aerospace,5,Early Stage
ScrapUncle,scrapuncle.com,"Home Services, B2C Software, Mobile",India,2396295.0,Seed,2026-02-01,False,Feb-2026,2,Home Services,3,Early Stage
Easy Home Finance,easyhomefinance.in,"FinTech, Finance, Real Estate",India,30000000.0,Series C,2026-02-01,False,Feb-2026,2,FinTech,3,Growth Stage
The Stack,thestack.club,"Nutrition and Supplements, Wellness, Consumer Goods, Retail",India,600287.0,Pre-Seed,2026-02-01,False,Feb-2026,2,Nutrition and Supplements,4,Early Stage
AquaAirX,aquaairx.com,"Drones, Artificial Intelligence, B2B Software, Cloud Computing, Hardware, Marine, Robotics",India,1357081.0,Seed,2026-02-01,False,Feb-2026,2,Drones,7,Early Stage
Biopeak,biopeak.com,"Healthcare, Analytics, Artificial Intelligence, Biotechnology",India,2698912.0,Seed,2026-02-01,False,Feb-2026,2,Healthcare,4,Early Stage
Steadfast Business Consulting,steadfastconsultants.in,"Accounting, Finance, Professional Services",India,0.0,Seed,2026-02-01,True,Feb-2026,2,Accounting,3,Early Stage
Mysa,mysa.io,"FinTech, Finance, Accounting, B2B Software",India,3400000.0,Seed,2026-02-01,False,Feb-2026,2,FinTech,4,Early Stage
SpotDraft,spotdraft.com,"B2B Software, Legal",India,8000000.0,Series B,2026-02-01,False,Feb-2026,2,B2B Software,2,Growth Stage
Nivaan Care,nivaancare.com,Healthcare,India,7000000.0,Series A,2026-02-01,False,Feb-2026,2,Healthcare,1,Growth Stage
Varaha,varaha.earth,"Agriculture, Environment",India,20000000.0,Series B,2026-02-01,False,Feb-2026,2,Agriculture,2,Growth Stage
ZILO,zilo.one,"Fashion, E-commerce, Marketplace, Retail",India,15300000.0,Series A,2026-02-01,False,Feb-2026,2,Fashion,4,Growth Stage
Sippy Films,sippyfilms.com.,"Entertainment, Media",India,0.0,Venture - Series Unknown,2026-02-01,True,Feb-2026,2,Entertainment,2,Other/Unknown
The Whole Truth,thewholetruthfoods.com,"Food and Beverage, Wellness, Consumer Goods, E-commerce, Nutrition and Supplements",India,51000000.0,Series D,2026-02-01,False,Feb-2026,2,Food and Beverage,5,Late Stage
OneStack,onestack.in,"FinTech, Finance, B2B Software",India,0.0,Series A,2026-02-01,True,Feb-2026,2,FinTech,3,Growth Stage
Taasha Craft,taashacraft.com,"Retail, Consumer Goods, E-commerce, Fashion, Manufacturing",India,82941.0,Seed,2026-02-01,False,Feb-2026,2,Retail,5,Early Stage
NASH Industries,nashindia.com,"Manufacturing, Hardware, Mechanical Engineering",India,0.0,Private Equity,2026-02-01,True,Feb-2026,2,Manufacturing,3,Private Equity
JS AutoCast,jsautocast.com,"Manufacturing, Automotive, Materials, Mechanical Engineering",India,32773634.0,Venture - Series Unknown,2026-02-01,False,Feb-2026,2,Manufacturing,4,Other/Unknown
Good Monk,goodmonk.in,"Food and Beverage, Wellness, Consumer Goods, E-commerce, Nutrition and Supplements",India,3649396.0,Series A,2026-02-01,False,Feb-2026,2,Food and Beverage,5,Growth Stage
Mefron Technologies,mefron.com,"Electronics, Hardware, Manufacturing",India,0.0,Private Equity,2026-02-01,True,Feb-2026,2,Electronics,3,Private Equity
Gamepoint India,gamepointindia.com,"Sports, Wellness, Education, Fitness, Recreation",India,774248.0,Seed,2026-02-01,False,Feb-2026,2,Sports,5,Early Stage
Material Depot,materialdepot.in,"Artificial Intelligence, B2B Software, Home Services",India,10000000.0,Series A,2026-02-01,False,Feb-2026,2,Artificial Intelligence,3,Growth Stage
Aditya Birla Housing Finance,homefinance.adityabirlacapital.com,"Finance, Real Estate",India,304527929.0,Private Equity,2026-02-01,False,Feb-2026,2,Finance,2,Private Equity
Neverinstall,neverinstall.com,"Cloud Computing, B2B Software, B2C Software",India,0.0,Seed,2026-02-01,True,Feb-2026,2,Cloud Computing,3,Early Stage
EyeROV,eyerov.com,"Drones, Artificial Intelligence, Analytics, B2B Software, Hardware, Marine, Robotics",India,1437641.0,Seed,2026-02-01,False,Feb-2026,2,Drones,7,Early Stage
Doodley,doodley.in,"Pets, Food and Beverage, Consumer Goods, Retail",India,2211755.0,Seed,2026-02-01,False,Feb-2026,2,Pets,4,Early Stage
CHINI KUM,drinkchinikum.com,"Food and Beverage, Consumer Goods, Wellness",India,110607.0,Pre-Seed,2026-02-01,False,Feb-2026,2,Food and Beverage,3,Early Stage
Jain Cord Industries,jaincord.com,"Fashion, Consumer Goods, Manufacturing",India,22155179.0,Series A,2026-02-01,False,Feb-2026,2,Fashion,3,Growth Stage
Krvvy,krvvy.com,"Fashion, Consumer Goods, E-commerce, Retail",India,132728.0,Seed,2026-02-01,False,Feb-2026,2,Fashion,4,Early Stage
Curapod,litemed.co.in,"Healthcare, Hardware",India,2209596.0,Seed,2026-02-01,False,Feb-2026,2,Healthcare,2,Early Stage
Elixiir Foods,elixiirfoods.com,"Food and Beverage, Consumer Goods, E-commerce, Manufacturing, Retail",India,9000000.0,Seed,2026-02-01,False,Feb-2026,2,Food and Beverage,5,Early Stage
GO DESi,godesi.in,"Food and Beverage, Consumer Goods, E-commerce, Manufacturing, Retail",India,0.0,Series B,2026-02-01,True,Feb-2026,2,Food and Beverage,5,Growth Stage
DUSQ,getinnergize.com,"Mental Health, Wellness, Hardware, Healthcare, Wearables",India,2649258.0,Seed,2026-02-01,False,Feb-2026,2,Mental Health,5,Early Stage
Digitory,digitory.com,"Artificial Intelligence, Analytics, B2B Software, Data, E-commerce",India,500000.0,Seed,2026-02-01,False,Feb-2026,2,Artificial Intelligence,5,Early Stage
DSLR Technologies,dslrteam.com,"E-commerce, B2B Software, Marketing, Social Network",India,8823156.0,Series A,2026-02-01,False,Feb-2026,2,E-commerce,4,Growth Stage
e-TRNL Energy,e-trnl.energy,"Energy, Electronics, Hardware, Manufacturing, Materials",India,3020230.0,Seed,2026-02-01,False,Feb-2026,2,Energy,5,Early Stage
GREW Solar,thegrewsolar.com,"Energy, Electronics, Hardware, Manufacturing",India,115738738.0,Private Equity,2026-02-01,False,Feb-2026,2,Energy,4,Private Equity
Supertails,supertails.com,"Pets, E-commerce, Healthcare, Retail",India,30000000.0,Series C,2026-02-01,False,Feb-2026,2,Pets,4,Growth Stage
WellWith India Pvt. Ltd.,wellwithlife.com,"Nutrition and Supplements, Wellness, Beauty, Consumer Goods, E-commerce, Food and Beverage, Retail",India,137862.0,Seed,2026-02-01,False,Feb-2026,2,Nutrition and Supplements,7,Early Stage
SteamPRO,steampro.in.,"Hardware, Consumer Goods, Electronics, Wellness",India,419577.0,Seed,2026-02-01,False,Feb-2026,2,Hardware,4,Early Stage
Slurrp Farm,slurrpfarm.com,"Food and Beverage, Wellness, Consumer Goods, E-commerce, Family, Nutrition and Supplements, Retail",India,3314394.0,Series C,2026-02-01,False,Feb-2026,2,Food and Beverage,7,Growth Stage
Nester India,nesterstore.com,"E-commerce, Consumer Goods, Electronics, Retail",India,2097883.0,Seed,2026-02-01,False,Feb-2026,2,E-commerce,4,Early Stage
True Balance,truebalance.io,"Mobile, B2C Software, Telecommunications",India,21918324.0,Series E,2026-02-01,False,Feb-2026,2,Mobile,3,Late Stage
Pandorum Technologies,pandorum.com,"Biotechnology, Healthcare, Pharmaceuticals",India,18000000.0,Series B,2026-02-01,False,Feb-2026,2,Biotechnology,3,Growth Stage
Benny’s Bowl,bennysbowl.com,"Pets, Consumer Goods, E-commerce, Food and Beverage, Retail",India,1400000.0,Seed,2026-02-01,False,Feb-2026,2,Pets,5,Early Stage
Articulus Surgical,articulussurgical.com,"Robotics, Healthcare, Hardware",India,0.0,Seed,2026-02-01,True,Feb-2026,2,Robotics,3,Early Stage
Heliware,heliware.co.in,"Analytics, 3D, Artificial Intelligence, B2B Software, Cloud Computing, Data",India,496736.0,Venture - Series Unknown,2026-02-01,False,Feb-2026,2,Analytics,6,Other/Unknown
BigHaat,bighaat.com,"Agriculture, E-commerce, Marketplace",India,10000000.0,Series D,2026-02-01,False,Feb-2026,2,Agriculture,3,Late Stage
CleanMax,cleanmax.com,"Energy, Environment",India,165434178.0,Private Equity,2026-02-01,False,Feb-2026,2,Energy,2,Private Equity
Enhancio,enhancio.com,"Marketing, B2B Software, Sales",India,1090000.0,Convertible Note,2026-02-01,False,Feb-2026,2,Marketing,3,Other/Unknown
Care.Fi,carefi.in,"FinTech, Finance, Healthcare",India,5000000.0,Series A,2026-02-01,False,Feb-2026,2,FinTech,3,Growth Stage
Immersive Trails,immersivetrails.com,"Travel, Environment, Marketplace, Recreation",India,0.0,Seed,2026-02-01,True,Feb-2026,2,Travel,4,Early Stage
Showroom B2B,showroomb2b.com,"Fashion, Artificial Intelligence, B2B Software, Logistics, Marketplace, Retail",India,16562234.0,Series A,2026-02-01,False,Feb-2026,2,Fashion,6,Growth Stage
Timbuckdo Innovations,timbuckdo.com,"Marketplace, E-commerce, Recruiting, Social Network",India,298120.0,Seed,2026-02-01,False,Feb-2026,2,Marketplace,4,Early Stage
Radiance Renewables,radiancerenewables.com,"Energy, Construction, Environment, Utilities",India,100000000.0,Private Equity,2026-02-01,False,Feb-2026,2,Energy,4,Private Equity
Preventify,preventify.me,"Healthcare, Wellness",India,220579.0,Pre-Seed,2026-02-01,False,Feb-2026,2,Healthcare,2,Early Stage
Elevate Now,joinelevatenow.com,"Healthcare, Wellness, Nutrition and Supplements",India,1985210.0,Seed,2026-02-01,False,Feb-2026,2,Healthcare,3,Early Stage
IndiGrid Technology,indigridtechnology.com,"EV, Automotive, Electronics, Energy, Hardware, Manufacturing",India,4415430.0,Series A,2026-02-01,False,Feb-2026,2,EV,6,Growth Stage
Six Sense Mobility,sixsensemobility.com,"Automotive, B2B Software, Cloud Computing, Electronics, Hardware, Telecommunications",India,4850004.0,Seed,2026-02-01,False,Feb-2026,2,Automotive,6,Early Stage
Padcare Labs,padcarelabs.com,"Consumer Goods,Environment,Manufacturing,Wellness",India,3000000.0,Seed,2026-02-01,False,Feb-2026,2,Consumer Goods,4,Early Stage
Olyv,olyv.co.in,"FinTech, Finance, Mobile",India,22829917.0,Series C,2026-02-01,False,Feb-2026,2,FinTech,3,Growth Stage
Knight FinTech,knightfintech.com,"FinTech, Finance, B2B Software",India,23600000.0,Series A,2026-01-01,False,Jan-2026,1,FinTech,3,Growth Stage
Arya Collateral,arya.ag,"Agriculture, Finance, Logistics, Marketplace",India,80584611.0,Series D,2026-01-01,False,Jan-2026,1,Agriculture,4,Late Stage
Neemans,neemans.com,"Fashion, Consumer Goods, E-commerce, Manufacturing, Retail",India,3948812.0,Series B,2026-01-01,False,Jan-2026,1,Fashion,5,Growth Stage
Truva,truva.in,"Real Estate, Marketplace",India,6301370.0,Series A,2026-01-01,False,Jan-2026,1,Real Estate,2,Growth Stage
Mylapay,mylapay.com,"FinTech, Finance, B2B Software, Cloud Computing, Cyber Security",India,1000000.0,Venture - Series Unknown,2026-01-01,False,Jan-2026,1,FinTech,5,Other/Unknown
Asego Global Assistance,asego.in,"Insurance, Travel",India,19390633.0,Private Equity,2026-01-01,False,Jan-2026,1,Insurance,2,Private Equity
ROADGRID,roadgridindia.com,"EV, Automotive, Energy, Hardware, Mobile",India,1334793.0,Seed,2026-01-01,False,Jan-2026,1,EV,5,Early Stage
PumPumPum,pumpumpum.com,"Automotive, Transportation",India,194657.0,Seed,2026-01-01,False,Jan-2026,1,Automotive,2,Early Stage
KayEss Square Consulting,kayesssquare.com,"Professional Services, Finance, Legal",India,1110116.0,Seed,2026-01-01,False,Jan-2026,1,Professional Services,3,Early Stage
EMoMee,emomee.com,"Education, Entertainment, Family, Personal Development",India,222461.0,Seed,2026-01-01,False,Jan-2026,1,Education,4,Early Stage
Arrowhead,arrowhead.team,"B2B Software, Artificial Intelligence, Sales",India,3000000.0,Seed,2026-01-01,False,Jan-2026,1,B2B Software,3,Early Stage
OSSO,osso.care,Healthcare,India,443214.0,Seed,2026-01-01,False,Jan-2026,1,Healthcare,1,Early Stage
Be Clinical,be-clinical.com,"Beauty, Consumer Goods",India,667397.0,Seed,2026-01-01,False,Jan-2026,1,Beauty,2,Early Stage
Even,even.in,Healthcare,India,20000000.0,Series A,2026-01-01,False,Jan-2026,1,Healthcare,1,Growth Stage
SaveSage Club,savesage.club,"FinTech, Finance, B2C Software, Mobile",India,444888.0,Pre-Seed,2026-01-01,False,Jan-2026,1,FinTech,4,Early Stage
&Done,anddonehair.com,"Beauty, Consumer Goods, E-commerce, Retail",India,3000000.0,Series A,2026-01-01,False,Jan-2026,1,Beauty,4,Growth Stage
GOAT Life,thegooat.com,"Food and Beverage, Consumer Goods, Wellness",India,177619.0,Pre-Seed,2026-01-01,False,Jan-2026,1,Food and Beverage,3,Early Stage
Spector.ai,spector.ai,"Artificial Intelligence, B2B Software, Data, Manufacturing",India,6450870.0,Venture - Series Unknown,2026-01-01,False,Jan-2026,1,Artificial Intelligence,4,Other/Unknown
Multibagg AI,multibagg.ai,"Investing, Finance, Artificial Intelligence, Analytics, Data",India,166205.0,Pre-Seed,2026-01-01,False,Jan-2026,1,Investing,5,Early Stage
TakeMe2Space,tm2.space,"Aerospace, Hardware",India,5000000.0,Seed,2026-01-01,False,Jan-2026,1,Aerospace,2,Early Stage
Japam,japam.in,"E-commerce, Consumer Goods, Retail",India,165410.0,Seed,2026-01-01,False,Jan-2026,1,E-commerce,3,Early Stage
Aule Space,aule.space,"Aerospace, Hardware, Robotics",India,2000000.0,Pre-Seed,2026-01-01,False,Jan-2026,1,Aerospace,3,Early Stage
Smylo,getsmylo.com,"Pets, Consumer Goods, E-commerce, Food and Beverage, Retail",India,83012.0,Seed,2026-01-01,False,Jan-2026,1,Pets,5,Early Stage
Misochain Technologies,misochain.in,"Aerospace, Aviation, Government, Hardware, Manufacturing",India,1994784.0,Seed,2026-01-01,False,Jan-2026,1,Aerospace,5,Early Stage
Liquidnitro Games,liquidnitro.games,"Gaming, Entertainment",India,19100000.0,Series A,2026-01-01,False,Jan-2026,1,Gaming,2,Growth Stage
LearnTube,learntube.ai,Education,India,0.0,Seed,2026-01-01,True,Jan-2026,1,Education,1,Early Stage
Atomgrid,atomgrid.in,"Chemicals, Agriculture, Beauty, Food and Beverage, Manufacturing, Pharmaceuticals",India,7000000.0,Seed,2026-01-01,False,Jan-2026,1,Chemicals,6,Early Stage
Edgistify,edgistify.com,"Logistics, Artificial Intelligence, B2B Software, E-commerce",India,1400000.0,Seed,2026-01-01,False,Jan-2026,1,Logistics,4,Early Stage
Secret Alchemist,secretalchemist.com,"Wellness, Beauty, Consumer Goods, E-commerce",India,2500000.0,Seed,2026-01-01,False,Jan-2026,1,Wellness,4,Early Stage
GrowthPal,growthpal.com,"B2B Software, Finance, Investing",India,2600000.0,Venture - Series Unknown,2026-01-01,False,Jan-2026,1,B2B Software,3,Other/Unknown
HandyPanda,handypanda.in,"Marketplace, Construction, E-commerce, Materials, Retail",India,221366.0,Pre-Seed,2026-01-01,False,Jan-2026,1,Marketplace,5,Early Stage
